name,email
Scarlett,scaxxx@gmail.com
Anonymous,olixxx@outlook.com
Emma,emmxxx@gmail.com
Chloe,chlxxx@yahoo.com
Abigail,abixxx@hotmail.com
Lily,lilxxx@gmail.com
Charlotte,chaxxx@yahoo.com
Anonymous,sopxxx@hotmail.com
Victoria,vicxxx@gmail.com
Aria,arixxx@hotmail.com
Mia,miaxxx@yahoo.com
Anonymous,harxxx@hotmail.com
Scarlett,scaxxx@gmail.com
Emily,emixxx@yahoo.com
Anonymous,abixxx@gmail.com
Lily,lilxxx@gmail.com
Scarlett,scaxxx@outlook.com
Grace,graxxx@yahoo.com
Olivia,olixxx@yahoo.com
Anonymous,ellxxx@outlook.com
Abigail,abixxx@hotmail.com
Amelia,amexxx@yahoo.com
Penelope,penxxx@hotmail.com
Scarlett,scaxxx@hotmail.com
Sophia,sopxxx@yahoo.com
Emily,emixxx@hotmail.com
Anonymous,vicxxx@yahoo.com
Victoria,vicxxx@outlook.com
Lily,lilxxx@yahoo.com
Abigail,abixxx@yahoo.com
Anonymous,emixxx@gmail.com
Amelia,amexxx@outlook.com
Victoria,vicxxx@hotmail.com
Penelope,penxxx@yahoo.com
Olivia,olixxx@outlook.com
Anonymous,penxxx@gmail.com
Anonymous,amexxx@hotmail.com
Charlotte,chaxxx@hotmail.com
Emma,emmxxx@hotmail.com
Victoria,vicxxx@hotmail.com
Anonymous,vicxxx@hotmail.com
Emma,emmxxx@gmail.com
Zoey,zoexxx@outlook.com
Anonymous,harxxx@yahoo.com
Anonymous,ellxxx@outlook.com
Ava,avaxxx@yahoo.com
Penelope,penxxx@outlook.com
Chloe,chlxxx@gmail.com
Aria,arixxx@gmail.com
Anonymous,chaxxx@yahoo.com
Emma,emmxxx@hotmail.com
Sophia,sopxxx@hotmail.com
Amelia,amexxx@yahoo.com
Harper,harxxx@hotmail.com
Victoria,vicxxx@outlook.com
Zoey,zoexxx@outlook.com
Ava,avaxxx@yahoo.com
Isabella,isaxxx@yahoo.com
Anonymous,harxxx@hotmail.com
Olivia,olixxx@gmail.com
Harper,harxxx@outlook.com
Ava,avaxxx@yahoo.com
Anonymous,chaxxx@hotmail.com
Ella,ellxxx@yahoo.com
Isabella,isaxxx@gmail.com
Penelope,penxxx@outlook.com
Aria,arixxx@gmail.com
Anonymous,graxxx@yahoo.com
Zoey,zoexxx@gmail.com
Aria,arixxx@hotmail.com
Isabella,isaxxx@hotmail.com
Ava,avaxxx@outlook.com
Aria,arixxx@outlook.com
Sophia,sopxxx@outlook.com
Isabella,isaxxx@hotmail.com
Anonymous,chaxxx@hotmail.com
Victoria,vicxxx@outlook.com
Amelia,amexxx@hotmail.com
Mia,miaxxx@yahoo.com
Penelope,penxxx@gmail.com
Ava,avaxxx@yahoo.com
Emma,emmxxx@outlook.com
Penelope,penxxx@yahoo.com
Anonymous,ellxxx@outlook.com
Charlotte,chaxxx@outlook.com
Emma,emmxxx@yahoo.com
Victoria,vicxxx@hotmail.com
Emma,emmxxx@outlook.com
Charlotte,chaxxx@gmail.com
Mia,miaxxx@hotmail.com
Penelope,penxxx@gmail.com
Penelope,penxxx@gmail.com
Anonymous,chaxxx@hotmail.com
Anonymous,emmxxx@gmail.com
Emily,emixxx@yahoo.com
Anonymous,miaxxx@yahoo.com
Mia,miaxxx@hotmail.com
Lily,lilxxx@yahoo.com
Isabella,isaxxx@yahoo.com
Anonymous,zoexxx@yahoo.com
Amelia,amexxx@outlook.com
Ava,avaxxx@gmail.com
Anonymous,arixxx@hotmail.com
Victoria,vicxxx@yahoo.com
Ava,avaxxx@yahoo.com
Scarlett,scaxxx@gmail.com
Ella,ellxxx@yahoo.com
Mia,miaxxx@yahoo.com
Ava,avaxxx@outlook.com
Emily,emixxx@hotmail.com
Ava,avaxxx@hotmail.com
Aria,arixxx@gmail.com
Zoey,zoexxx@gmail.com
Ava,avaxxx@yahoo.com
Harper,harxxx@hotmail.com
Anonymous,scaxxx@gmail.com
Zoey,zoexxx@yahoo.com
Chloe,chlxxx@outlook.com
Sophia,sopxxx@hotmail.com
Zoey,zoexxx@outlook.com
Mia,miaxxx@gmail.com
Chloe,chlxxx@outlook.com
Aria,arixxx@yahoo.com
Anonymous,sopxxx@hotmail.com
Anonymous,isaxxx@outlook.com
Amelia,amexxx@hotmail.com
Emma,emmxxx@outlook.com
Amelia,amexxx@yahoo.com
Grace,graxxx@outlook.com
Anonymous,ellxxx@outlook.com
Isabella,isaxxx@yahoo.com
Penelope,penxxx@gmail.com
Anonymous,amexxx@gmail.com
Harper,harxxx@yahoo.com
Ava,avaxxx@gmail.com
Mia,miaxxx@hotmail.com
Zoey,zoexxx@gmail.com
Harper,harxxx@yahoo.com
Abigail,abixxx@outlook.com
Anonymous,abixxx@outlook.com
Olivia,olixxx@gmail.com
Anonymous,ellxxx@gmail.com
Anonymous,emixxx@hotmail.com
Emily,emixxx@hotmail.com
Anonymous,vicxxx@hotmail.com
Amelia,amexxx@hotmail.com
Ava,avaxxx@outlook.com
Emma,emmxxx@outlook.com
Anonymous,vicxxx@hotmail.com
Sophia,sopxxx@gmail.com
Anonymous,emixxx@yahoo.com
Lily,lilxxx@gmail.com
Ella,ellxxx@hotmail.com
Anonymous,abixxx@yahoo.com
Victoria,vicxxx@yahoo.com
Emily,emixxx@hotmail.com
Ava,avaxxx@hotmail.com
Anonymous,harxxx@outlook.com
Charlotte,chaxxx@gmail.com
Anonymous,penxxx@hotmail.com
Aria,arixxx@outlook.com
Isabella,isaxxx@hotmail.com
Anonymous,harxxx@outlook.com
Anonymous,graxxx@gmail.com
Emily,emixxx@gmail.com
Anonymous,isaxxx@yahoo.com
Chloe,chlxxx@gmail.com
Lily,lilxxx@outlook.com
Anonymous,arixxx@outlook.com
Mia,miaxxx@outlook.com
Chloe,chlxxx@yahoo.com
Anonymous,miaxxx@hotmail.com
Scarlett,scaxxx@yahoo.com
Mia,miaxxx@yahoo.com
Sophia,sopxxx@yahoo.com
Ava,avaxxx@outlook.com
Amelia,amexxx@yahoo.com
Grace,graxxx@gmail.com
Ava,avaxxx@outlook.com
Anonymous,scaxxx@gmail.com
Anonymous,ellxxx@hotmail.com
Olivia,olixxx@gmail.com
Scarlett,scaxxx@yahoo.com
Olivia,olixxx@outlook.com
Zoey,zoexxx@gmail.com
Anonymous,chaxxx@hotmail.com
Grace,graxxx@hotmail.com
Zoey,zoexxx@outlook.com
Anonymous,scaxxx@outlook.com
Mia,miaxxx@hotmail.com
Penelope,penxxx@yahoo.com
Emma,emmxxx@yahoo.com
Abigail,abixxx@gmail.com
Anonymous,scaxxx@hotmail.com
Anonymous,chlxxx@gmail.com
Emma,emmxxx@outlook.com
Emily,emixxx@yahoo.com
Victoria,vicxxx@gmail.com
Charlotte,chaxxx@yahoo.com
Anonymous,emmxxx@hotmail.com
Alexander,alexxx@hotmail.com
Alexander,alexxx@hotmail.com
Anonymous,lucxxx@outlook.com
William,wilxxx@hotmail.com
Anonymous,elixxx@outlook.com
Jackson,jacxxx@outlook.com
Anonymous,alexxx@yahoo.com
Benjamin,benxxx@yahoo.com
Anonymous,benxxx@hotmail.com
Noah,noaxxx@gmail.com
David,davxxx@hotmail.com
Noah,noaxxx@hotmail.com
Anonymous,ethxxx@yahoo.com
Jackson,jacxxx@gmail.com
Benjamin,benxxx@outlook.com
Anonymous,alexxx@outlook.com
Lucas,lucxxx@gmail.com
Anonymous,henxxx@yahoo.com
James,jamxxx@hotmail.com
Oliver,olixxx@yahoo.com
Anonymous,danxxx@yahoo.com
Sebastian,sebxxx@outlook.com
Alexander,alexxx@gmail.com
Alexander,alexxx@outlook.com
David,davxxx@yahoo.com
William,wilxxx@gmail.com
Alexander,alexxx@hotmail.com
Mason,masxxx@gmail.com
James,jamxxx@outlook.com
Anonymous,henxxx@yahoo.com
Daniel,danxxx@hotmail.com
Logan,logxxx@outlook.com
Mason,masxxx@hotmail.com
Elijah,elixxx@gmail.com
Anonymous,noaxxx@outlook.com
James,jamxxx@hotmail.com
Anonymous,ethxxx@hotmail.com
Mason,masxxx@outlook.com
Lucas,lucxxx@hotmail.com
Jackson,jacxxx@yahoo.com
Jackson,jacxxx@outlook.com
Benjamin,benxxx@gmail.com
Anonymous,olixxx@gmail.com
Oliver,olixxx@outlook.com
Anonymous,lucxxx@yahoo.com
James,jamxxx@hotmail.com
Sebastian,sebxxx@outlook.com
Oliver,olixxx@hotmail.com
Ethan,ethxxx@hotmail.com
Noah,noaxxx@gmail.com
Ethan,ethxxx@yahoo.com
Anonymous,logxxx@outlook.com
Henry,henxxx@hotmail.com
Sebastian,sebxxx@gmail.com
Elijah,elixxx@gmail.com
Noah,noaxxx@outlook.com
Benjamin,benxxx@yahoo.com
David,davxxx@gmail.com
Anonymous,jamxxx@outlook.com
Anonymous,jacxxx@gmail.com
Anonymous,noaxxx@gmail.com
Anonymous,alexxx@outlook.com
David,davxxx@hotmail.com
Jacob,jacxxx@gmail.com
Jackson,jacxxx@yahoo.com
Jacob,jacxxx@outlook.com
Michael,micxxx@outlook.com
Jacob,jacxxx@outlook.com
Anonymous,danxxx@yahoo.com
Liam,liaxxx@outlook.com
Ethan,ethxxx@outlook.com
Matthew,matxxx@outlook.com
Logan,logxxx@hotmail.com
Michael,micxxx@yahoo.com
Daniel,danxxx@outlook.com
Logan,logxxx@yahoo.com
Anonymous,matxxx@yahoo.com
Logan,logxxx@gmail.com
Oliver,olixxx@gmail.com
Benjamin,benxxx@hotmail.com
Anonymous,benxxx@outlook.com
Michael,micxxx@gmail.com
Mason,masxxx@yahoo.com
David,davxxx@yahoo.com
Ethan,ethxxx@outlook.com
Lucas,lucxxx@outlook.com
Elijah,elixxx@yahoo.com
Anonymous,lucxxx@yahoo.com
Benjamin,benxxx@yahoo.com
Anonymous,sebxxx@gmail.com
Jackson,jacxxx@yahoo.com
Lucas,lucxxx@outlook.com
Jackson,jacxxx@yahoo.com
Elijah,elixxx@yahoo.com
Anonymous,liaxxx@yahoo.com
Michael,micxxx@gmail.com
Alexander,alexxx@outlook.com
Benjamin,benxxx@outlook.com
Mason,masxxx@hotmail.com
Anonymous,jacxxx@outlook.com
Noah,noaxxx@hotmail.com
Jackson,jacxxx@hotmail.com
William,wilxxx@outlook.com
Liam,liaxxx@gmail.com
Anonymous,jacxxx@gmail.com
David,davxxx@yahoo.com
Daniel,danxxx@yahoo.com
Anonymous,micxxx@outlook.com
Mason,masxxx@outlook.com
James,jamxxx@hotmail.com
Jacob,jacxxx@outlook.com
James,jamxxx@hotmail.com
Ethan,ethxxx@hotmail.com
Noah,noaxxx@outlook.com
Matthew,matxxx@hotmail.com
David,davxxx@gmail.com
Anonymous,noaxxx@hotmail.com
Daniel,danxxx@hotmail.com
Matthew,matxxx@hotmail.com
Henry,henxxx@outlook.com
Michael,micxxx@gmail.com
Anonymous,danxxx@yahoo.com
Anonymous,jacxxx@gmail.com
Anonymous,benxxx@yahoo.com
Daniel,danxxx@outlook.com
Noah,noaxxx@yahoo.com
Anonymous,lucxxx@hotmail.com
Anonymous,elixxx@outlook.com
David,davxxx@gmail.com
Anonymous,liaxxx@outlook.com
Elijah,elixxx@yahoo.com
William,wilxxx@gmail.com
Daniel,danxxx@hotmail.com
Alexander,alexxx@outlook.com
Elijah,elixxx@outlook.com
Liam,liaxxx@yahoo.com
William,wilxxx@outlook.com
Sebastian,sebxxx@outlook.com
Anonymous,davxxx@hotmail.com
Anonymous,benxxx@yahoo.com
Anonymous,micxxx@outlook.com
Alexander,alexxx@hotmail.com
Anonymous,jacxxx@outlook.com
Noah,noaxxx@gmail.com
Anonymous,lucxxx@hotmail.com
Lucas,lucxxx@yahoo.com
Lucas,lucxxx@hotmail.com
Oliver,olixxx@hotmail.com
Anonymous,lucxxx@gmail.com
Mason,masxxx@hotmail.com
Alexander,alexxx@outlook.com
Anonymous,lucxxx@gmail.com
Lucas,lucxxx@hotmail.com
Jackson,jacxxx@gmail.com
Logan,logxxx@outlook.com
Benjamin,benxxx@hotmail.com
Anonymous,noaxxx@outlook.com
Noah,noaxxx@yahoo.com
Anonymous,jacxxx@yahoo.com
Elijah,elixxx@outlook.com
David,davxxx@gmail.com
Daniel,danxxx@gmail.com
Daniel,danxxx@yahoo.com
Logan,logxxx@yahoo.com
Noah,noaxxx@gmail.com
Elijah,elixxx@outlook.com
William,wilxxx@hotmail.com
Henry,henxxx@yahoo.com
Matthew,matxxx@outlook.com
Oliver,olixxx@yahoo.com
Logan,logxxx@gmail.com
Logan,logxxx@outlook.com
Alexander,alexxx@gmail.com
Mason,masxxx@outlook.com
Anonymous,micxxx@gmail.com
Anonymous,liaxxx@gmail.com
Anonymous,danxxx@gmail.com
Matthew,matxxx@gmail.com
Mason,masxxx@hotmail.com
Anonymous,jacxxx@outlook.com
Daniel,danxxx@hotmail.com
Anonymous,danxxx@gmail.com
Anonymous,noaxxx@gmail.com
Noah,noaxxx@outlook.com
Matthew,matxxx@outlook.com
Daniel,danxxx@outlook.com
Matthew,matxxx@hotmail.com
Jackson,jacxxx@yahoo.com
Daniel,danxxx@yahoo.com
Sebastian,sebxxx@outlook.com
Ethan,ethxxx@outlook.com
Lucas,lucxxx@gmail.com
Sebastian,sebxxx@yahoo.com
Oliver,olixxx@yahoo.com
Liam,liaxxx@yahoo.com
Anonymous,liaxxx@yahoo.com
Anonymous,lucxxx@hotmail.com
Matthew,matxxx@outlook.com
Matthew,matxxx@yahoo.com
Oliver,olixxx@gmail.com
